,learning_rewards,learning_steps,learning_discounted_rewards,learning_success,learning_collision,learning_fell_into_cliff
0,-102.5,3.5,-58.33967454715979,0.0,0.5,1.0
1,-67.0,17.5,-21.413300896486085,0.0,7.5,0.5
2,-112.5,13.5,-52.272590658430694,0.0,3.0,1.0
3,-101.0,2.0,-78.2456,0.0,1.0,1.0
4,-115.0,16.0,-7.541743830484656,0.0,4.0,1.0
5,-101.0,2.0,-80.7206415968,0.0,1.0,1.0
6,-114.0,15.0,-26.50293458372844,0.0,0.5,1.0
7,-66.0,16.5,-32.91706794612629,0.0,5.0,0.5
8,-106.5,7.5,-22.39463790788416,0.0,2.5,1.0
9,-105.0,6.0,-34.272270167626225,0.0,0.5,1.0
10,-109.5,10.5,-27.195845852072896,0.0,0.5,1.0
11,-66.0,16.5,-32.91706794612629,0.0,3.5,0.5
12,-71.5,22.0,-6.060323395359967,0.0,3.0,0.5
13,-102.5,3.5,-54.950985522097746,0.0,0.0,1.0
14,-103.0,4.0,-49.9375161439598,0.0,1.0,1.0
15,-66.0,16.5,-32.91706794612629,0.0,5.0,0.5
16,-66.5,17.0,-26.426770274624033,0.0,3.5,0.5
17,-65.0,15.5,-52.19642634932629,0.0,2.5,0.5
18,-102.5,3.5,-58.33967454715979,0.0,1.5,1.0
19,-120.0,21.0,-5.01626817967405,0.0,5.5,1.0
20,-110.5,11.5,-13.526616698919469,0.0,3.0,1.0
21,-105.0,6.0,-55.81305094608767,0.0,1.0,1.0
22,-108.5,9.5,-33.91241164813645,0.0,2.5,1.0
23,-66.5,17.0,-26.426770274624033,0.0,4.5,0.5
24,-73.0,23.5,-5.161928276101438,0.0,5.5,0.5
25,-107.5,8.5,-53.19177005133645,0.0,1.5,1.0
26,-120.5,21.5,-6.5789632966147655,0.0,5.0,1.0
27,-100.0,1.0,-100.0,0.0,0.0,1.0
28,-104.0,5.0,-58.25694617744409,0.0,2.0,1.0
29,-102.0,3.0,-69.21687454715979,0.0,1.0,1.0
30,-108.5,9.5,-42.088301926775145,0.0,1.0,1.0
31,-100.5,1.5,-89.1228,0.0,0.5,1.0
32,-103.5,4.5,-46.06483164200087,0.0,2.5,1.0
33,-101.0,2.0,-80.7206415968,0.0,0.0,1.0
34,-105.5,6.5,-27.696901710756546,0.0,2.5,1.0
35,-111.0,12.0,-52.36055995956371,0.0,0.5,1.0
36,-69.5,20.0,-9.07455396577004,0.0,4.0,0.5
37,-66.5,17.0,-26.426770274624033,0.0,4.5,0.5
38,-112.5,13.5,-33.044070300924744,0.0,2.0,1.0
39,-101.0,2.0,-80.7206415968,0.0,1.0,1.0
40,-108.5,9.5,-52.79071975634903,0.0,0.5,1.0
41,-106.0,7.0,-31.108471541741494,0.0,1.0,1.0
42,-30.0,30.0,-4.392852698652579,0.0,5.0,0.0
43,-101.5,2.5,-74.23034392529775,0.0,0.5,1.0
44,-103.5,4.5,-60.04192624232848,0.0,2.5,1.0
45,-110.0,11.0,-52.47085794862387,0.0,5.0,1.0
46,-67.0,17.5,-21.413300896486085,0.0,0.5,0.5
47,-104.0,5.0,-43.07335326235568,0.0,0.0,1.0
48,-71.5,22.0,-6.060323395359967,0.0,3.5,0.5
49,-104.5,5.5,-56.87812761644375,0.0,0.5,1.0
50,-77.5,28.0,-4.469017007756982,0.0,4.0,0.5
51,-115.5,16.5,-14.625302323986373,0.0,1.5,1.0
52,-66.0,16.5,-32.91706794612629,0.0,3.5,0.5
53,-101.5,2.5,-74.23034392529775,0.0,0.0,1.0
54,-108.5,9.5,-42.088301926775145,0.0,1.0,1.0
55,-66.0,16.5,-32.91706794612629,0.0,1.5,0.5
56,-101.5,2.5,-69.8434415968,0.0,1.5,1.0
57,-115.5,16.5,-26.46238817496087,0.0,1.5,1.0
58,-71.0,21.5,-6.551233673023274,0.0,3.5,0.5
59,-65.0,15.5,-52.19642634932629,0.0,2.5,0.5
60,-102.0,3.0,-69.21687454715979,0.0,0.5,1.0
61,-101.0,2.0,-78.2456,0.0,1.0,1.0
62,-113.0,14.0,-41.39539065843069,0.0,0.5,1.0
63,-65.0,15.5,-52.19642634932629,0.0,2.5,0.5
64,-100.5,1.5,-89.1228,0.0,0.5,1.0
65,-102.0,3.0,-61.4412831936,0.0,0.0,1.0
66,-100.0,1.0,-100.0,0.0,0.0,1.0
67,-101.0,2.0,-80.7206415968,0.0,1.0,1.0
68,-101.0,2.0,-80.7206415968,0.0,0.0,1.0
69,-115.0,16.0,-9.286756664005951,0.0,2.5,1.0
70,-30.0,30.0,-4.392852698652579,0.0,6.5,0.0
71,-104.0,5.0,-39.57453397049861,0.0,2.0,1.0
72,-104.0,5.0,-43.07335326235568,0.0,2.0,1.0
73,-104.0,5.0,-58.25694617744409,0.0,0.0,1.0
74,-105.5,6.5,-37.59876921324375,0.0,2.0,1.0
75,-66.5,17.0,-26.426770274624033,0.0,6.0,0.5
76,-67.0,17.5,-21.413300896486085,0.0,2.0,0.5
77,-104.0,5.0,-39.57453397049861,0.0,2.0,1.0
78,-65.0,15.5,-52.19642634932629,0.0,1.5,0.5
79,-115.5,16.5,-8.221679993649875,0.0,1.5,1.0
80,-102.0,3.0,-69.21687454715979,0.0,1.0,1.0
81,-102.5,3.5,-54.950985522097746,0.0,0.0,1.0
82,-103.0,4.0,-62.35271166555568,0.0,0.0,1.0
83,-101.0,2.0,-80.7206415968,0.0,0.0,1.0
84,-127.0,28.0,-4.496746631348474,0.0,8.5,1.0
85,-117.5,18.5,-7.285072524684484,0.0,2.5,1.0
86,-112.5,13.5,-41.417546443073384,0.0,2.5,1.0
87,-109.5,10.5,-22.408644598496245,0.0,1.5,1.0
88,-112.0,13.0,-21.687732495783663,0.0,3.0,1.0
89,-104.0,5.0,-39.57453397049861,0.0,1.0,1.0
90,-104.5,5.5,-34.56106459236066,0.0,0.5,1.0
91,-102.0,3.0,-69.21687454715979,0.0,0.0,1.0
92,-109.0,10.0,-27.422113976634197,0.0,2.0,1.0
93,-71.0,21.5,-6.551233673023274,0.0,3.5,0.5
94,-116.5,17.5,-6.334754994657548,0.0,1.0,1.0
95,-105.0,6.0,-46.00092761644375,0.0,0.5,1.0
96,-101.0,2.0,-78.2456,0.0,1.0,1.0
97,-106.5,7.5,-53.86389704603368,0.0,1.0,1.0
98,-107.5,8.5,-24.207200628770895,0.0,2.0,1.0
99,-76.5,27.0,-4.519855053451033,0.0,3.0,0.5
100,-103.5,4.5,-60.04192624232848,0.0,2.5,1.0
101,-101.0,2.0,-80.7206415968,0.0,1.0,1.0
102,-119.5,20.5,-8.037206919005456,0.0,2.5,1.0
103,-101.0,2.0,-80.7206415968,0.0,0.0,1.0
104,-103.5,4.5,-60.04192624232848,0.0,1.5,1.0
105,-111.5,12.5,-26.701201873921615,0.0,0.5,1.0
106,-106.5,7.5,-22.39463790788416,0.0,0.5,1.0
107,-109.0,10.0,-41.913519756349025,0.0,0.5,1.0
108,-110.0,11.0,-41.67421774887355,0.0,2.5,1.0
109,-68.5,19.0,-12.238352591654769,0.0,4.0,0.5
110,-73.5,24.0,-4.987146105675315,0.0,4.5,0.5
111,-100.5,1.5,-89.1228,0.0,0.5,1.0
112,-78.5,29.0,-4.438682542123196,0.0,4.5,0.5
113,-109.0,10.0,-52.65570822011034,0.0,1.0,1.0
114,-68.5,19.0,-12.238352591654769,0.0,2.0,0.5
115,-102.0,3.0,-69.21687454715979,0.0,1.0,1.0
116,-30.0,30.0,-4.392852698652579,0.0,4.5,0.0
117,-101.0,2.0,-80.7206415968,0.0,1.0,1.0
118,-101.5,2.5,-74.23034392529775,0.0,0.0,1.0
119,-100.5,1.5,-89.1228,0.0,0.5,1.0
120,-102.5,3.5,-58.33967454715979,0.0,0.5,1.0
121,-113.0,14.0,-33.015388039873386,0.0,3.0,1.0
122,-111.0,12.0,-11.741636634035078,0.0,3.0,1.0
123,-67.0,17.5,-21.413300896486085,0.0,1.5,0.5
124,-65.0,15.5,-52.19642634932629,0.0,1.5,0.5
125,-111.0,12.0,-11.741636634035078,0.0,1.5,1.0
126,-109.5,10.5,-12.691178562531425,0.0,2.0,1.0
127,-107.0,8.0,-22.222317661644617,0.0,1.0,1.0
128,-104.0,5.0,-58.25694617744409,0.0,0.0,1.0
129,-104.5,5.5,-40.76256783912848,0.0,4.5,1.0
130,-114.5,15.5,-32.96289778959691,0.0,2.5,1.0
131,-103.5,4.5,-60.04192624232848,0.0,2.0,1.0
132,-105.5,6.5,-29.258800789488273,0.0,2.0,1.0
133,-110.5,11.5,-10.803377027698776,0.0,3.0,1.0
134,-108.5,9.5,-23.08077159319347,0.0,2.5,1.0
135,-106.0,7.0,-25.386116287529344,0.0,1.0,1.0
136,-68.5,19.0,-12.238352591654769,0.0,5.0,0.5
137,-108.5,9.5,-52.79071975634903,0.0,2.5,1.0
138,-101.5,2.5,-74.23034392529775,0.0,0.0,1.0
139,-111.5,12.5,-52.323428704124744,0.0,2.0,1.0
140,-102.5,3.5,-65.34419004520086,0.0,0.0,1.0
141,-106.5,7.5,-43.477607323696986,0.0,1.0,1.0
142,-116.5,17.5,-14.594967858352588,0.0,1.0,1.0
143,-104.5,5.5,-40.76256783912848,0.0,1.5,1.0
144,-113.0,14.0,-33.015388039873386,0.0,2.0,1.0
145,-100.0,1.0,-100.0,0.0,0.0,1.0
146,-102.5,3.5,-54.950985522097746,0.0,0.0,1.0
147,-79.5,30.0,-4.42058232224407,0.0,1.5,0.5
148,-65.0,15.5,-52.19642634932629,0.0,5.5,0.5
149,-105.5,6.5,-29.258800789488273,0.0,1.0,1.0
150,-114.0,15.0,-8.468759166198017,0.0,3.5,1.0
151,-110.0,11.0,-13.905823288362157,0.0,2.5,1.0
152,-104.5,5.5,-56.87812761644375,0.0,2.0,1.0
153,-107.5,8.5,-24.207200628770895,0.0,2.0,1.0
154,-68.0,18.5,-14.54913801488197,0.0,1.5,0.5
155,-107.5,8.5,-24.207200628770895,0.0,0.0,1.0
156,-107.5,8.5,-18.298872419772568,0.0,2.5,1.0
157,-66.5,17.5,-6.0487029727140795,0.5,0.5,0.5
158,-104.5,5.5,-40.76256783912848,0.0,1.0,1.0
159,-65.0,15.5,-52.19642634932629,0.0,4.0,0.5
160,-65.0,15.5,-52.19642634932629,0.0,1.0,0.5
161,-103.0,4.0,-62.35271166555568,0.0,1.0,1.0
162,-102.0,3.0,-69.21687454715979,0.0,2.0,1.0
163,-112.0,13.0,-52.294746443073386,0.0,0.0,1.0
164,-113.0,14.0,-17.752819092763065,0.0,0.0,1.0
165,-110.0,11.0,-11.868453698054852,0.0,1.0,1.0
166,-115.0,16.0,-9.286756664005951,0.0,2.5,1.0
167,-111.5,12.5,-9.345133405308086,0.0,1.0,1.0
168,-77.0,27.5,-4.491172792399672,0.0,7.0,0.5
169,-103.0,4.0,-62.35271166555568,0.0,0.5,1.0
170,-102.5,3.5,-65.34419004520086,0.0,0.5,1.0
171,-113.5,14.5,-26.525090368371128,0.0,3.5,1.0
172,-66.0,16.5,-32.91706794612629,0.0,6.0,0.5
173,-101.5,2.5,-69.8434415968,0.0,1.5,1.0
174,-65.0,15.5,-52.19642634932629,0.0,4.0,0.5
175,-102.0,3.0,-69.21687454715979,0.0,0.5,1.0
176,-107.5,8.5,-18.298872419772568,0.0,2.0,1.0
177,-103.5,4.5,-46.06483164200087,0.0,0.5,1.0
178,-107.0,8.0,-53.48469045659099,0.0,1.0,1.0
179,-65.5,16.0,-41.319226349326286,0.0,4.0,0.5
180,-106.0,7.0,-54.35480732369699,0.0,0.0,1.0
181,-100.5,1.5,-89.1228,0.0,0.5,1.0
182,-70.5,21.0,-7.186752430937391,0.0,4.5,0.5
183,-106.5,7.5,-35.7109676784111,0.0,1.5,1.0
184,-104.0,5.0,-58.25694617744409,0.0,2.5,1.0
185,-105.0,6.0,-46.00092761644375,0.0,2.0,1.0
186,-72.5,23.0,-5.38819640066274,0.0,2.5,0.5
187,-70.5,21.0,-7.186752430937391,0.0,2.5,0.5
188,-106.0,7.0,-31.108471541741494,0.0,2.0,1.0
189,-76.5,27.0,-4.519855053451033,0.0,4.5,0.5
190,-108.0,9.0,-52.96550192677515,0.0,1.5,1.0
191,-65.0,15.5,-52.19642634932629,0.0,2.0,0.5
192,-65.0,15.5,-52.19642634932629,0.0,2.5,0.5
193,-110.0,11.0,-11.868453698054852,0.0,2.0,1.0
194,-66.0,16.5,-32.91706794612629,0.0,2.5,0.5
195,-110.5,11.5,-12.120843223477767,0.0,1.5,1.0
196,-108.0,9.0,-23.57168187085678,0.0,2.5,1.0
197,-101.5,2.5,-69.8434415968,0.0,0.5,1.0
198,-125.5,26.5,-4.584715932481488,0.0,4.0,1.0
199,-65.0,15.5,-52.19642634932629,0.0,0.5,0.5
200,-109.0,10.0,-33.68614352357515,0.0,3.5,1.0
201,-101.0,2.0,-80.7206415968,0.0,0.0,1.0
202,-104.0,5.0,-49.16472624232848,0.0,1.5,1.0
203,-65.0,15.5,-52.19642634932629,0.0,3.5,0.5
204,-106.0,7.0,-44.1131260816111,0.0,1.0,1.0
205,-105.0,6.0,-38.977587774244085,0.0,2.0,1.0
206,-78.5,29.0,-4.438682542123196,0.0,3.0,0.5
207,-101.0,2.0,-80.7206415968,0.0,0.0,1.0
208,-66.0,16.5,-32.91706794612629,0.0,2.0,0.5
209,-111.0,12.0,-33.19149954542387,0.0,0.0,1.0
210,-102.0,3.0,-69.21687454715979,0.0,0.0,1.0
211,-109.5,10.5,-52.551417748873554,0.0,1.5,1.0
212,-73.5,24.0,-4.987146105675315,0.0,4.0,0.5
213,-100.5,1.5,-89.1228,0.0,0.5,1.0
214,-115.0,16.0,-10.617506137007796,0.0,3.5,1.0
215,-30.0,30.0,-4.392852698652579,0.0,6.5,0.0
216,-67.0,17.5,-21.413300896486085,0.0,5.5,0.5
217,-107.5,8.5,-18.298872419772568,0.0,2.5,1.0
218,-113.0,14.0,-52.25547628964874,0.0,2.0,1.0
219,-102.0,3.0,-61.4412831936,0.0,0.0,1.0
220,-65.0,15.5,-52.19642634932629,0.0,3.5,0.5
221,-112.0,13.0,-11.222448104219238,0.0,1.0,1.0
222,-113.0,14.0,-52.25547628964874,0.0,2.0,1.0
223,-109.0,10.0,-52.65570822011034,0.0,0.0,1.0
224,-69.5,20.0,-9.07455396577004,0.0,2.0,0.5
225,-65.5,16.0,-41.319226349326286,0.0,4.5,0.5
226,-65.0,15.5,-52.19642634932629,0.0,3.0,0.5
227,-107.0,8.0,-53.48469045659099,0.0,1.0,1.0
228,-111.0,12.0,-15.31821359233083,0.0,0.5,1.0
229,-105.0,6.0,-38.977587774244085,0.0,0.0,1.0
230,-104.5,5.5,-56.87812761644375,0.0,2.5,1.0
231,-100.0,1.0,-100.0,0.0,0.0,1.0
232,-106.0,7.0,-54.35480732369699,0.0,1.5,1.0
233,-113.0,14.0,-10.912654397554432,0.0,3.5,1.0
234,-103.0,4.0,-62.35271166555568,0.0,1.5,1.0
235,-72.5,23.0,-5.38819640066274,0.0,3.5,0.5
236,-102.5,3.5,-54.950985522097746,0.0,1.0,1.0
237,-119.0,20.0,-8.045095195750802,0.0,3.5,1.0
238,-103.0,4.0,-54.46699004520086,0.0,0.5,1.0
239,-108.5,9.5,-33.91241164813645,0.0,0.0,1.0
240,-77.0,27.5,-4.491172792399672,0.0,3.5,0.5
241,-66.0,16.5,-32.91706794612629,0.0,2.0,0.5
242,-104.5,5.5,-40.76256783912848,0.0,0.5,1.0
243,-105.5,6.5,-32.48729010274184,0.0,3.5,1.0
244,-100.5,1.5,-89.1228,0.0,0.5,1.0
245,-102.5,3.5,-65.34419004520086,0.0,0.5,1.0
246,-30.0,30.0,-4.392852698652579,0.0,5.5,0.0
247,-103.0,4.0,-49.9375161439598,0.0,0.0,1.0
248,-66.5,17.0,-26.426770274624033,0.0,1.5,0.5
249,-115.5,16.5,-9.238687576007457,0.0,2.5,1.0
250,-108.0,9.0,-52.96550192677515,0.0,0.0,1.0
251,-65.0,15.5,-52.19642634932629,0.0,2.5,0.5
252,-65.0,15.5,-52.19642634932629,0.0,2.5,0.5
253,-105.0,6.0,-55.81305094608767,0.0,1.0,1.0
254,-100.5,1.5,-89.1228,0.0,0.5,1.0
255,-106.0,7.0,-25.386116287529344,0.0,3.0,1.0
256,-106.0,7.0,-25.386116287529344,0.0,3.0,1.0
257,-113.0,14.0,-33.015388039873386,0.0,0.0,1.0
258,-106.5,7.5,-23.601136222644953,0.0,0.5,1.0
259,-121.0,22.0,-5.434026244133356,0.0,5.0,1.0
260,-111.0,12.0,-18.134909801549888,0.0,1.0,1.0
261,-101.5,2.5,-69.8434415968,0.0,0.5,1.0
262,-112.0,13.0,-52.294746443073386,0.0,4.0,1.0
263,-112.5,13.5,-52.272590658430694,0.0,0.5,1.0
264,-101.0,2.0,-78.2456,0.0,1.0,1.0
265,-65.0,15.5,-52.19642634932629,0.0,4.0,0.5
266,-105.5,6.5,-27.696901710756546,0.0,1.0,1.0
267,-100.5,1.5,-89.1228,0.0,0.5,1.0
268,-101.5,2.5,-69.8434415968,0.0,1.5,1.0
269,-105.5,6.5,-54.9903260816111,0.0,1.5,1.0
270,-103.0,4.0,-54.46699004520086,0.0,2.0,1.0
271,-100.5,1.5,-89.1228,0.0,0.5,1.0
272,-68.5,19.0,-12.238352591654769,0.0,4.0,0.5
273,-112.5,13.5,-41.417546443073384,0.0,1.0,1.0
274,-74.0,24.5,-4.8521345694366325,0.0,3.5,0.5
275,-116.0,17.0,-10.551692620517471,0.0,1.0,1.0
276,-104.5,5.5,-47.37974617744409,0.0,2.0,1.0
277,-119.5,20.5,-5.486516494409834,0.0,2.0,1.0
278,-30.0,30.0,-4.392852698652579,0.0,2.0,0.0
279,-67.0,17.5,-21.413300896486085,0.0,1.5,0.5
280,-100.0,1.0,-100.0,0.0,0.0,1.0
281,-117.5,18.5,-12.273970491991607,0.0,9.0,1.0
282,-65.5,16.0,-41.319226349326286,0.0,1.0,0.5
283,-111.0,12.0,-15.31821359233083,0.0,0.0,1.0
284,-116.0,17.0,-26.454499898215527,0.0,2.0,1.0
285,-108.5,9.5,-42.088301926775145,0.0,1.5,1.0
286,-65.0,15.5,-52.19642634932629,0.0,0.0,0.5
287,-65.0,15.5,-52.19642634932629,0.0,3.5,0.5
288,-68.0,18.5,-14.54913801488197,0.0,2.0,0.5
289,-102.0,3.0,-63.35314392529774,0.0,1.0,1.0
290,-100.5,1.5,-89.1228,0.0,0.5,1.0
291,-101.5,2.5,-74.23034392529775,0.0,0.0,1.0
292,-106.5,7.5,-26.095002163603546,0.0,3.5,1.0
293,-69.5,20.0,-9.07455396577004,0.0,2.5,0.5
294,-110.0,11.0,-11.626101892175349,0.0,1.5,1.0
295,-103.0,4.0,-48.46068785059549,0.0,3.0,1.0
296,-102.5,3.5,-58.33967454715979,0.0,2.5,1.0
297,-103.5,4.5,-60.04192624232848,0.0,1.5,1.0
298,-101.5,2.5,-74.23034392529775,0.0,1.5,1.0
299,-105.0,6.0,-38.977587774244085,0.0,0.5,1.0
300,-102.0,3.0,-69.21687454715979,0.0,0.5,1.0
301,-76.5,27.0,-4.519855053451033,0.0,4.0,0.5
302,-115.5,16.5,-17.599666334849605,0.0,2.0,1.0
303,-101.0,2.0,-80.7206415968,0.0,0.0,1.0
304,-103.0,4.0,-48.46068785059549,0.0,1.0,1.0
305,-68.5,19.0,-12.238352591654769,0.0,3.0,0.5
306,-100.5,1.5,-89.1228,0.0,0.5,1.0
307,-104.5,5.5,-47.37974617744409,0.0,2.0,1.0
308,-65.0,15.5,-52.19642634932629,0.0,0.5,0.5
309,-101.5,2.5,-69.8434415968,0.0,0.5,1.0
310,-66.5,17.0,-26.426770274624033,0.0,1.5,0.5
311,-69.0,19.5,-10.453372526770378,0.0,5.5,0.5
312,-102.0,3.0,-63.35314392529774,0.0,1.0,1.0
313,-65.0,15.5,-52.19642634932629,0.0,1.0,0.5
314,-109.0,10.0,-16.707518989252666,0.0,1.5,1.0
315,-104.5,5.5,-40.76256783912848,0.0,1.0,1.0
316,-102.5,3.5,-54.950985522097746,0.0,0.5,1.0
317,-112.5,13.5,-52.272590658430694,0.0,1.0,1.0
318,-30.0,30.0,-4.392852698652579,0.0,5.5,0.0
319,-68.5,19.0,-12.238352591654769,0.0,4.0,0.5
320,-110.5,11.5,-52.4086290475622,0.0,1.5,1.0
321,-109.0,10.0,-14.069997123531763,0.0,0.5,1.0
322,-105.0,6.0,-31.569586212715475,0.0,2.0,1.0
323,-109.0,10.0,-52.65570822011034,0.0,0.0,1.0
324,-110.0,11.0,-18.535960096537316,0.0,1.5,1.0
325,-65.0,15.5,-52.19642634932629,0.0,1.5,0.5
326,-72.0,22.5,-5.68111680591728,0.0,2.0,0.5
327,-104.5,5.5,-47.37974617744409,0.0,0.5,1.0
328,-107.0,8.0,-35.07544892049698,0.0,0.5,1.0
329,-103.0,4.0,-54.46699004520086,0.0,1.0,1.0
330,-102.0,3.0,-63.35314392529774,0.0,1.0,1.0
331,-104.5,5.5,-56.87812761644375,0.0,0.5,1.0
332,-111.5,12.5,-17.999898265311206,0.0,1.0,1.0
333,-109.5,10.5,-27.195845852072896,0.0,2.5,1.0
334,-100.0,1.0,-100.0,0.0,0.0,1.0
335,-67.5,18.0,-17.540616394527156,0.0,2.0,0.5
336,-100.5,1.5,-89.1228,0.0,0.5,1.0
337,-107.5,8.5,-42.60749045659099,0.0,0.5,1.0
338,-102.0,3.0,-63.35314392529774,0.0,1.0,1.0
339,-67.0,17.5,-21.413300896486085,0.0,4.5,0.5
340,-100.0,1.0,-100.0,0.0,0.0,1.0
341,-79.5,30.0,-4.42058232224407,0.0,2.0,0.5
342,-100.5,1.5,-89.1228,0.0,0.5,1.0
343,-66.0,16.5,-32.91706794612629,0.0,3.5,0.5
344,-105.0,6.0,-34.272270167626225,0.0,0.5,1.0
345,-113.5,14.5,-41.37827628964874,0.0,1.5,1.0
346,-113.5,14.5,-52.24225619279691,0.0,0.5,1.0
347,-104.5,5.5,-47.37974617744409,0.0,2.0,1.0
348,-116.0,17.0,-5.9310038535502985,0.0,2.5,1.0
349,-101.0,2.0,-80.7206415968,0.0,0.0,1.0
350,-112.0,13.0,-12.832645998677505,0.0,4.0,1.0
351,-65.0,15.5,-52.19642634932629,0.0,2.5,0.5
352,-101.5,2.5,-74.23034392529775,0.0,0.5,1.0
353,-101.5,2.5,-74.23034392529775,0.0,0.5,1.0
354,-118.0,19.0,-9.120383809240657,0.0,1.5,1.0
355,-66.0,16.5,-32.91706794612629,0.0,4.0,0.5
356,-66.5,17.0,-26.426770274624033,0.0,1.0,0.5
357,-101.0,2.0,-78.2456,0.0,1.0,1.0
358,-114.5,15.5,-52.22415597291778,0.0,2.5,1.0
359,-100.0,1.0,-100.0,0.0,0.0,1.0
360,-117.0,18.0,-9.150718274874443,0.0,2.0,1.0
361,-110.0,11.0,-27.02106368164677,0.0,1.5,1.0
362,-65.0,15.5,-52.19642634932629,0.0,3.0,0.5
363,-68.0,18.5,-14.54913801488197,0.0,0.5,0.5
364,-68.0,18.5,-14.54913801488197,0.0,3.5,0.5
365,-105.0,6.0,-31.569586212715475,0.0,1.0,1.0
366,-100.0,1.0,-100.0,0.0,0.0,1.0
367,-68.5,19.0,-12.238352591654769,0.0,2.0,0.5
368,-106.5,7.5,-53.86389704603368,0.0,2.0,1.0
369,-65.5,16.0,-41.319226349326286,0.0,2.0,0.5
370,-68.0,18.5,-14.54913801488197,0.0,1.0,0.5
371,-68.0,18.5,-14.54913801488197,0.0,4.0,0.5
372,-100.0,1.0,-100.0,0.0,0.0,1.0
373,-119.5,20.5,-5.757281115021684,0.0,2.0,1.0
374,-102.0,3.0,-69.21687454715979,0.0,0.0,1.0
375,-101.0,2.0,-80.7206415968,0.0,0.0,1.0
376,-111.5,12.5,-33.1292706443622,0.0,1.0,1.0
377,-103.5,4.5,-60.04192624232848,0.0,1.5,1.0
378,-65.0,15.5,-52.19642634932629,0.0,1.5,0.5
379,-65.0,15.5,-52.19642634932629,0.0,5.0,0.5
380,-116.5,17.5,-21.441030520077575,0.0,3.0,1.0
381,-103.5,4.5,-43.447218472457536,0.0,0.0,1.0
382,-100.5,1.5,-89.1228,0.0,0.5,1.0
383,-116.0,17.0,-14.608187955204421,0.0,3.0,1.0
384,-100.5,1.5,-89.1228,0.0,0.5,1.0
385,-110.0,11.0,-33.37634981691034,0.0,0.0,1.0
386,-101.5,2.5,-69.8434415968,0.0,1.5,1.0
387,-66.0,16.5,-32.91706794612629,0.0,3.5,0.5
388,-102.5,3.5,-54.950985522097746,0.0,1.5,1.0
389,-113.0,14.0,-41.39539065843069,0.0,1.5,1.0
390,-66.5,17.0,-26.426770274624033,0.0,4.5,0.5
391,-116.0,17.0,-10.551692620517471,0.0,2.5,1.0
392,-108.0,9.0,-23.57168187085678,0.0,0.0,1.0
393,-110.5,11.5,-52.4086290475622,0.0,1.5,1.0
394,-66.5,17.0,-26.426770274624033,0.0,6.0,0.5
395,-101.0,2.0,-80.7206415968,0.0,1.0,1.0
396,-106.0,7.0,-44.1131260816111,0.0,1.5,1.0
397,-65.0,15.5,-52.19642634932629,0.0,2.5,0.5
398,-68.0,18.5,-14.54913801488197,0.0,2.5,0.5
399,-105.5,6.5,-54.9903260816111,0.0,1.0,1.0
400,-116.0,17.0,-9.201556320568493,0.0,2.5,1.0
401,-30.0,30.0,-4.392852698652579,0.0,7.5,0.0
402,-103.0,4.0,-48.46068785059549,0.0,1.5,1.0
403,-106.0,7.0,-31.108471541741494,0.0,0.0,1.0
404,-107.0,8.0,-22.222317661644617,0.0,0.5,1.0
405,-70.0,20.5,-8.009477295413964,0.0,4.0,0.5
406,-105.5,6.5,-29.258800789488273,0.0,2.0,1.0
407,-103.0,4.0,-48.46068785059549,0.0,0.5,1.0
408,-105.5,6.5,-37.59876921324375,0.0,2.0,1.0
409,-65.0,15.5,-52.19642634932629,0.0,4.5,0.5
410,-103.5,4.5,-51.47551166555568,0.0,1.0,1.0
411,-113.5,14.5,-52.24225619279691,0.0,0.5,1.0
412,-111.0,12.0,-52.36055995956371,0.0,2.0,1.0
413,-111.0,12.0,-33.19149954542387,0.0,1.5,1.0
414,-109.0,10.0,-52.65570822011034,0.0,1.0,1.0
415,-106.0,7.0,-54.35480732369699,0.0,1.0,1.0
416,-103.0,4.0,-49.9375161439598,0.0,0.0,1.0
417,-107.0,8.0,-42.986697046033676,0.0,2.5,1.0
418,-100.0,1.0,-100.0,0.0,0.0,1.0
419,-105.5,6.5,-32.48729010274184,0.0,1.0,1.0
420,-78.0,28.5,-4.451902638975029,0.0,3.5,0.5
421,-102.0,3.0,-61.4412831936,0.0,0.0,1.0
422,-101.0,2.0,-80.7206415968,0.0,1.0,1.0
423,-65.0,16.0,-14.54561303525223,0.5,2.0,0.5
424,-105.5,6.5,-29.258800789488273,0.0,3.5,1.0
425,-107.5,8.5,-53.19177005133645,0.0,1.0,1.0
426,-110.5,11.5,-52.4086290475622,0.0,2.5,1.0
427,-101.5,2.5,-69.8434415968,0.0,0.5,1.0
428,-76.5,27.0,-4.519855053451033,0.0,6.0,0.5
429,-105.5,6.5,-44.93585094608767,0.0,1.0,1.0
430,-30.0,30.0,-4.392852698652579,0.0,7.5,0.0
431,-70.0,20.5,-8.009477295413964,0.0,3.5,0.5
432,-100.5,1.5,-89.1228,0.0,0.5,1.0
433,-102.0,3.0,-69.21687454715979,0.0,0.0,1.0
434,-101.0,2.0,-80.7206415968,0.0,1.0,1.0
435,-101.5,2.5,-69.8434415968,0.0,1.5,1.0
436,-116.5,17.5,-17.57623429486399,0.0,3.5,1.0
437,-110.0,11.0,-27.02106368164677,0.0,3.5,1.0
438,-109.0,10.0,-41.913519756349025,0.0,2.0,1.0
439,-104.5,5.5,-40.76256783912848,0.0,2.0,1.0
440,-30.0,30.0,-4.392852698652579,0.0,3.0,0.0
441,-100.0,1.0,-100.0,0.0,0.0,1.0
442,-107.0,8.0,-53.48469045659099,0.0,0.5,1.0
443,-110.5,11.5,-33.272059345673554,0.0,0.5,1.0
444,-105.5,6.5,-54.9903260816111,0.0,3.0,1.0
445,-110.5,11.5,-52.4086290475622,0.0,1.5,1.0
446,-101.5,2.5,-74.23034392529775,0.0,0.0,1.0
447,-65.0,15.5,-52.19642634932629,0.0,2.5,0.5
448,-68.5,19.0,-12.238352591654769,0.0,3.5,0.5
449,-100.0,1.0,-100.0,0.0,0.0,1.0
450,-110.5,11.5,-52.4086290475622,0.0,1.0,1.0
451,-108.0,9.0,-42.314570051336446,0.0,2.0,1.0
452,-100.0,1.0,-100.0,0.0,0.0,1.0
453,-107.5,8.5,-34.58453864283368,0.0,1.0,1.0
454,-101.5,2.5,-74.23034392529775,0.0,0.5,1.0
455,-110.0,11.0,-18.535960096537316,0.0,1.0,1.0
456,-72.5,23.0,-5.38819640066274,0.0,2.0,0.5
457,-66.0,16.5,-32.91706794612629,0.0,3.0,0.5
458,-65.0,15.5,-52.19642634932629,0.0,0.5,0.5
459,-109.0,10.0,-16.707518989252666,0.0,1.5,1.0
460,-101.0,2.0,-80.7206415968,0.0,0.0,1.0
461,-100.5,1.5,-89.1228,0.0,0.5,1.0
462,-114.0,15.0,-52.232044249663126,0.0,0.0,1.0
463,-126.0,27.0,-4.514846851227599,0.0,1.0,1.0
464,-115.0,16.0,-7.541743830484656,0.0,1.5,1.0
465,-102.0,3.0,-61.4412831936,0.0,1.0,1.0
466,-127.0,28.0,-4.4845123855938125,0.0,9.0,1.0
467,-65.0,15.5,-52.19642634932629,0.0,3.0,0.5
468,-72.0,22.5,-5.68111680591728,0.0,2.5,0.5
469,-100.5,1.5,-89.1228,0.0,0.5,1.0
470,-29.5,30.0,-4.392572601444584,0.5,1.5,0.0
471,-108.5,9.5,-19.69899736889785,0.0,3.0,1.0
472,-116.5,17.5,-9.172874059517133,0.0,1.0,1.0
473,-66.0,16.5,-32.91706794612629,0.0,0.5,0.5
474,-110.5,11.5,-52.4086290475622,0.0,0.0,1.0
475,-104.5,5.5,-40.76256783912848,0.0,1.0,1.0
476,-118.0,19.0,-7.262916740041794,0.0,5.5,1.0
477,-101.5,2.5,-69.8434415968,0.0,1.5,1.0
478,-104.0,5.0,-58.25694617744409,0.0,0.0,1.0
479,-70.5,21.0,-7.186752430937391,0.0,1.0,0.5
480,-107.5,8.5,-42.60749045659099,0.0,4.5,1.0
481,-76.0,26.5,-4.5569863088899965,0.0,3.0,0.5
482,-112.5,13.5,-17.815047993824734,0.0,2.0,1.0
483,-103.5,4.5,-51.47551166555568,0.0,1.0,1.0
484,-102.5,3.5,-54.950985522097746,0.0,0.0,1.0
485,-100.5,1.5,-89.1228,0.0,0.5,1.0
486,-102.5,3.5,-58.33967454715979,0.0,0.5,1.0
487,-117.0,18.0,-5.955548405214861,0.0,3.0,1.0
488,-29.0,29.5,-4.392209995408777,0.5,2.5,0.0
489,-65.0,15.5,-52.19642634932629,0.0,2.5,0.5
490,-65.0,15.5,-52.19642634932629,0.0,2.5,0.5
491,-65.0,15.5,-52.19642634932629,0.0,1.0,0.5
492,-104.0,5.0,-58.25694617744409,0.0,1.0,1.0
493,-115.0,16.0,-41.346955972917776,0.0,3.5,1.0
494,-101.5,2.5,-74.23034392529775,0.0,0.0,1.0
495,-105.0,6.0,-46.00092761644375,0.0,0.5,1.0
496,-102.0,3.0,-63.35314392529774,0.0,0.5,1.0
497,-69.5,20.0,-9.07455396577004,0.0,4.0,0.5
498,-113.5,14.5,-9.533835836554093,0.0,2.5,1.0
499,-65.5,16.0,-41.319226349326286,0.0,3.0,0.5
500,-101.5,2.5,-74.23034392529775,0.0,0.5,1.0
501,-104.0,5.0,-49.16472624232848,0.0,0.5,1.0
502,-108.5,9.5,-27.715034381888735,0.0,1.5,1.0
503,-103.5,4.5,-60.04192624232848,0.0,1.5,1.0
504,-102.5,3.5,-54.950985522097746,0.0,1.5,1.0
505,-102.0,3.0,-69.21687454715979,0.0,1.0,1.0
506,-102.0,3.0,-69.21687454715979,0.0,1.0,1.0
507,-109.0,10.0,-41.913519756349025,0.0,1.5,1.0
508,-73.0,23.5,-5.161928276101438,0.0,3.5,0.5
509,-103.0,4.0,-49.9375161439598,0.0,0.0,1.0
510,-114.5,15.5,-32.96289778959691,0.0,3.0,1.0
511,-106.0,7.0,-44.1131260816111,0.0,3.0,1.0
512,-65.5,16.0,-41.319226349326286,0.0,5.5,0.5
513,-107.0,8.0,-25.029925493247468,0.0,0.0,1.0
514,-69.5,20.0,-9.07455396577004,0.0,1.0,0.5
515,-108.5,9.5,-52.79071975634903,0.0,3.0,1.0
516,-79.0,29.5,-4.428470598989417,0.0,2.0,0.5
517,-109.0,10.0,-16.707518989252666,0.0,5.0,1.0
518,-65.0,15.5,-52.19642634932629,0.0,0.0,0.5
519,-101.5,2.5,-74.23034392529775,0.0,1.5,1.0
520,-109.0,10.0,-52.65570822011034,0.0,1.0,1.0
521,-103.5,4.5,-43.447218472457536,0.0,1.5,1.0
522,-105.0,6.0,-55.81305094608767,0.0,2.0,1.0
523,-102.0,3.0,-61.4412831936,0.0,1.0,1.0
524,-106.0,7.0,-54.35480732369699,0.0,0.5,1.0
525,-67.0,17.5,-21.413300896486085,0.0,1.0,0.5
526,-105.5,6.5,-29.258800789488273,0.0,2.5,1.0
527,-103.5,4.5,-43.447218472457536,0.0,2.5,1.0
528,-102.0,3.0,-69.21687454715979,0.0,1.0,1.0
529,-110.0,11.0,-15.83740212214667,0.0,2.5,1.0
530,-121.0,22.0,-5.063310414779718,0.0,3.5,1.0
531,-67.0,17.5,-21.413300896486085,0.0,3.0,0.5
532,-119.5,20.5,-5.757281115021684,0.0,2.5,1.0
533,-104.5,5.5,-47.37974617744409,0.0,1.5,1.0
534,-110.0,11.0,-12.611753501141074,0.0,3.0,1.0
535,-69.5,20.0,-9.07455396577004,0.0,7.0,0.5
536,-30.0,30.0,-4.392852698652579,0.0,7.0,0.0
537,-101.0,2.0,-80.7206415968,0.0,0.0,1.0
538,-78.0,28.5,-4.451902638975029,0.0,3.5,0.5
539,-102.5,3.5,-65.34419004520086,0.0,2.5,1.0
540,-101.5,2.5,-74.23034392529775,0.0,1.5,1.0
541,-100.5,1.5,-89.1228,0.0,0.5,1.0
542,-66.5,17.0,-26.426770274624033,0.0,4.5,0.5
543,-113.5,14.5,-21.540303251284538,0.0,0.5,1.0
544,-69.5,20.0,-9.07455396577004,0.0,2.5,0.5
545,-115.5,16.5,-21.4591307399567,0.0,1.0,1.0
546,-101.0,2.0,-80.7206415968,0.0,0.0,1.0
547,-106.5,7.5,-35.7109676784111,0.0,3.5,1.0
548,-65.0,15.5,-52.19642634932629,0.0,4.0,0.5
549,-65.5,16.0,-41.319226349326286,0.0,3.5,0.5
550,-108.5,9.5,-19.69899736889785,0.0,1.0,1.0
551,-109.5,10.5,-12.691178562531425,0.0,0.5,1.0
552,-101.5,2.5,-74.23034392529775,0.0,0.0,1.0
553,-105.5,6.5,-27.696901710756546,0.0,0.0,1.0
554,-117.5,18.5,-8.085641604518367,0.0,2.0,1.0
555,-110.5,11.5,-10.803377027698776,0.0,1.5,1.0
556,-112.0,13.0,-52.294746443073386,0.0,1.5,1.0
557,-105.0,6.0,-55.81305094608767,0.0,0.5,1.0
558,-116.0,17.0,-7.398955129173302,0.0,2.5,1.0
559,-103.5,4.5,-60.04192624232848,0.0,0.0,1.0
560,-69.0,19.5,-10.453372526770378,0.0,0.5,0.5
561,-103.5,4.5,-60.04192624232848,0.0,1.0,1.0
562,-100.0,1.0,-100.0,0.0,0.0,1.0
563,-68.5,19.0,-12.238352591654769,0.0,3.0,0.5
564,-108.5,9.5,-17.343037747166782,0.0,2.5,1.0
565,-102.5,3.5,-65.34419004520086,0.0,0.5,1.0
566,-65.0,15.5,-52.19642634932629,0.0,4.5,0.5
567,-115.0,16.0,-26.47260011809465,0.0,3.5,1.0
568,-65.0,15.5,-52.19642634932629,0.0,0.5,0.5
569,-66.0,16.5,-32.91706794612629,0.0,1.0,0.5
570,-65.5,16.0,-41.319226349326286,0.0,4.5,0.5
571,-107.5,8.5,-24.207200628770895,0.0,1.5,1.0
572,-101.0,2.0,-80.7206415968,0.0,0.0,1.0
573,-108.5,9.5,-42.088301926775145,0.0,2.0,1.0
574,-101.5,2.5,-69.8434415968,0.0,0.5,1.0
575,-100.5,1.5,-89.1228,0.0,0.5,1.0
576,-112.0,13.0,-21.687732495783663,0.0,1.0,1.0
577,-107.0,8.0,-53.48469045659099,0.0,0.5,1.0
578,-112.0,13.0,-52.294746443073386,0.0,1.0,1.0
579,-76.0,26.5,-4.5569863088899965,0.0,5.5,0.5
580,-104.5,5.5,-56.87812761644375,0.0,3.0,1.0
581,-108.0,9.0,-52.96550192677515,0.0,0.5,1.0
582,-102.0,3.0,-69.21687454715979,0.0,0.5,1.0
583,-106.0,7.0,-36.53369254288768,0.0,2.0,1.0
584,-68.0,18.5,-14.54913801488197,0.0,2.5,0.5
585,-100.5,1.5,-89.1228,0.0,0.5,1.0
586,-78.0,28.5,-4.451902638975029,0.0,5.5,0.5
587,-101.0,2.0,-78.2456,0.0,1.0,1.0
588,-110.0,11.0,-33.37634981691034,0.0,2.0,1.0
589,-101.0,2.0,-80.7206415968,0.0,1.0,1.0
590,-108.5,9.5,-15.13507379388784,0.0,1.0,1.0
591,-114.0,15.0,-52.232044249663126,0.0,0.5,1.0
592,-65.0,15.5,-52.19642634932629,0.0,2.5,0.5
593,-102.5,3.5,-54.950985522097746,0.0,1.5,1.0
594,-72.5,23.0,-5.38819640066274,0.0,6.0,0.5
595,-106.0,7.0,-44.1131260816111,0.0,1.0,1.0
596,-68.0,18.5,-14.54913801488197,0.0,0.5,0.5
597,-100.0,1.0,-100.0,0.0,0.0,1.0
598,-100.0,1.0,-100.0,0.0,0.0,1.0
599,-66.5,17.0,-26.426770274624033,0.0,3.0,0.5
600,-100.0,1.0,-100.0,0.0,0.0,1.0
601,-116.0,17.0,-21.44891879682292,0.0,4.0,1.0
602,-105.5,6.5,-32.48729010274184,0.0,1.0,1.0
603,-76.5,27.0,-4.519855053451033,0.0,3.0,0.5
604,-65.0,15.5,-52.19642634932629,0.0,0.0,0.5
605,-109.0,10.0,-27.422113976634197,0.0,1.5,1.0
606,-101.0,2.0,-80.7206415968,0.0,0.0,1.0
607,-67.0,17.5,-21.413300896486085,0.0,2.5,0.5
608,-103.5,4.5,-51.47551166555568,0.0,2.5,1.0
609,-118.0,19.0,-6.187325750158421,0.0,5.0,1.0
610,-108.0,9.0,-34.20533205339099,0.0,2.0,1.0
611,-68.0,18.5,-14.54913801488197,0.0,2.5,0.5
612,-72.5,23.0,-5.38819640066274,0.0,5.5,0.5
613,-106.0,7.0,-27.473820724603883,0.0,3.0,1.0
614,-66.0,16.5,-32.91706794612629,0.0,3.5,0.5
615,-30.0,30.0,-4.392852698652579,0.0,3.0,0.0
616,-71.0,21.5,-6.551233673023274,0.0,2.5,0.5
617,-78.5,29.0,-4.438682542123196,0.0,7.0,0.5
618,-65.0,15.5,-52.19642634932629,0.0,1.5,0.5
619,-67.5,18.0,-17.540616394527156,0.0,1.5,0.5
620,-103.5,4.5,-46.06483164200087,0.0,0.5,1.0
621,-106.0,7.0,-25.386116287529344,0.0,1.0,1.0
622,-104.5,5.5,-56.87812761644375,0.0,1.0,1.0
623,-110.5,11.5,-52.4086290475622,0.0,1.5,1.0
624,-30.0,30.0,-4.392852698652579,0.0,8.0,0.0
625,-100.0,1.0,-100.0,0.0,0.0,1.0
626,-108.5,9.5,-15.13507379388784,0.0,2.5,1.0
627,-107.5,8.5,-34.58453864283368,0.0,1.5,1.0
628,-106.0,7.0,-54.35480732369699,0.0,0.5,1.0
629,-73.0,23.5,-5.161928276101438,0.0,4.5,0.5
630,-104.0,5.0,-43.07335326235568,0.0,1.5,1.0
631,-103.0,4.0,-49.9375161439598,0.0,1.0,1.0
632,-106.0,7.0,-54.35480732369699,0.0,0.0,1.0
633,-66.0,16.5,-32.91706794612629,0.0,1.0,0.5
634,-100.5,1.5,-89.1228,0.0,0.5,1.0
635,-116.0,17.0,-6.1403986767013325,0.0,2.5,1.0
636,-101.5,2.5,-74.23034392529775,0.0,0.5,1.0
637,-78.5,29.0,-4.438682542123196,0.0,3.5,0.5
638,-108.5,9.5,-23.08077159319347,0.0,1.5,1.0
639,-113.0,14.0,-14.82356961417955,0.0,2.0,1.0
640,-71.0,21.5,-6.551233673023274,0.0,5.0,0.5
641,-115.0,16.0,-17.61678070363156,0.0,3.0,1.0
642,-103.0,4.0,-48.46068785059549,0.0,1.0,1.0
643,-101.5,2.5,-74.23034392529775,0.0,1.5,1.0
644,-102.0,3.0,-63.35314392529774,0.0,2.0,1.0
645,-71.0,21.5,-6.551233673023274,0.0,4.0,0.5
646,-63.5,14.5,-41.31750652881032,0.5,1.5,0.5
647,-101.5,2.5,-69.8434415968,0.0,0.5,1.0
648,-109.0,10.0,-33.68614352357515,0.0,1.5,1.0
649,-30.0,30.0,-4.392852698652579,0.0,5.5,0.0
650,-109.0,10.0,-14.069997123531763,0.0,1.5,1.0
651,-71.5,22.0,-6.060323395359967,0.0,7.0,0.5
652,-65.5,16.0,-41.319226349326286,0.0,3.5,0.5
653,-66.0,16.5,-32.91706794612629,0.0,5.0,0.5
654,-101.0,2.0,-78.2456,0.0,1.0,1.0
655,-100.0,1.0,-100.0,0.0,0.0,1.0
656,-66.0,16.5,-32.91706794612629,0.0,2.0,0.5
657,-105.0,6.0,-55.81305094608767,0.0,1.0,1.0
658,-109.5,10.5,-52.551417748873554,0.0,1.5,1.0
659,-72.0,22.5,-5.68111680591728,0.0,0.5,0.5
660,-103.5,4.5,-60.04192624232848,0.0,0.0,1.0
661,-75.5,26.0,-4.60505539688849,0.0,3.0,0.5
662,-102.0,3.0,-63.35314392529774,0.0,1.0,1.0
663,-102.0,3.0,-61.4412831936,0.0,0.0,1.0
664,-115.5,16.5,-6.906225072570539,0.0,2.0,1.0
665,-111.0,12.0,-10.742024662477428,0.0,1.5,1.0
666,-102.0,3.0,-63.35314392529774,0.0,0.5,1.0
667,-103.0,4.0,-49.9375161439598,0.0,2.0,1.0
668,-65.0,15.5,-52.19642634932629,0.0,2.5,0.5
669,-71.5,22.0,-6.060323395359967,0.0,4.0,0.5
670,-100.5,1.5,-89.1228,0.0,0.5,1.0
671,-108.5,9.5,-33.91241164813645,0.0,1.0,1.0
672,-65.0,15.5,-52.19642634932629,0.0,1.0,0.5
673,-107.0,8.0,-20.60965784299977,0.0,1.0,1.0
674,-109.0,10.0,-22.701565003750783,0.0,2.0,1.0
675,-109.0,10.0,-33.68614352357515,0.0,0.5,1.0
676,-105.5,6.5,-32.48729010274184,0.0,1.5,1.0
677,-71.0,21.5,-6.551233673023274,0.0,0.5,0.5
678,-102.0,3.0,-63.35314392529774,0.0,1.0,1.0
679,-70.0,20.5,-8.009477295413964,0.0,1.0,0.5
680,-70.0,20.5,-8.009477295413964,0.0,4.0,0.5
681,-74.5,25.0,-4.7478440981998435,0.0,1.5,0.5
682,-104.5,5.5,-56.87812761644375,0.0,0.0,1.0
683,-111.5,12.5,-52.323428704124744,0.0,0.5,1.0
684,-106.5,7.5,-26.095002163603546,0.0,2.5,1.0
685,-113.0,14.0,-17.752819092763065,0.0,5.0,1.0
686,-73.5,24.0,-4.987146105675315,0.0,1.5,0.5
687,-65.0,15.5,-52.19642634932629,0.0,2.5,0.5
688,-118.0,19.0,-9.120383809240657,0.0,1.0,1.0
689,-100.0,1.0,-100.0,0.0,0.0,1.0
690,-103.0,4.0,-62.35271166555568,0.0,0.0,1.0
691,-119.5,20.5,-5.064337267672543,0.0,0.5,1.0
692,-107.0,8.0,-29.220670006908847,0.0,3.0,1.0
693,-102.0,3.0,-63.35314392529774,0.0,2.0,1.0
694,-100.5,1.5,-89.1228,0.0,0.5,1.0
695,-101.5,2.5,-74.23034392529775,0.0,0.5,1.0
696,-108.5,9.5,-27.715034381888735,0.0,0.5,1.0
697,-65.0,15.5,-52.19642634932629,0.0,0.5,0.5
698,-103.5,4.5,-60.04192624232848,0.0,0.0,1.0
699,-104.0,5.0,-39.57453397049861,0.0,0.5,1.0
700,-66.5,17.0,-26.426770274624033,0.0,1.5,0.5
701,-106.0,7.0,-54.35480732369699,0.0,0.5,1.0
702,-104.0,5.0,-49.16472624232848,0.0,1.0,1.0
703,-112.5,13.5,-52.272590658430694,0.0,0.5,1.0
704,-71.5,22.0,-6.060323395359967,0.0,1.5,0.5
705,-65.0,15.5,-52.19642634932629,0.0,0.5,0.5
706,-102.0,3.0,-69.21687454715979,0.0,1.0,1.0
707,-65.0,15.5,-52.19642634932629,0.0,4.5,0.5
708,-104.5,5.5,-56.87812761644375,0.0,0.5,1.0
709,-116.0,17.0,-14.608187955204421,0.0,2.5,1.0
710,-103.0,4.0,-54.46699004520086,0.0,0.5,1.0
711,-105.5,6.5,-29.258800789488273,0.0,2.0,1.0
712,-106.0,7.0,-25.386116287529344,0.0,2.0,1.0
713,-100.5,1.5,-89.1228,0.0,0.5,1.0
714,-104.5,5.5,-56.87812761644375,0.0,2.5,1.0
715,-105.0,6.0,-55.81305094608767,0.0,1.0,1.0
716,-106.0,7.0,-54.35480732369699,0.0,1.0,1.0
717,-104.5,5.5,-40.76256783912848,0.0,2.0,1.0
718,-65.0,15.5,-52.19642634932629,0.0,2.5,0.5
719,-104.5,5.5,-56.87812761644375,0.0,0.0,1.0
720,-106.0,7.0,-54.35480732369699,0.0,0.5,1.0
721,-104.0,5.0,-38.43374909431959,0.0,1.0,1.0
722,-78.0,28.5,-4.451902638975029,0.0,3.0,0.5
723,-120.0,21.0,-5.464360709767144,0.0,5.5,1.0
724,-67.5,18.0,-17.540616394527156,0.0,2.0,0.5
725,-105.5,6.5,-29.258800789488273,0.0,1.5,1.0
726,-67.5,18.0,-17.540616394527156,0.0,0.5,0.5
727,-110.5,11.5,-11.232934940140735,0.0,1.0,1.0
728,-65.0,15.5,-52.19642634932629,0.0,0.5,0.5
729,-66.0,16.5,-32.91706794612629,0.0,2.5,0.5
730,-114.0,15.0,-41.36505619279691,0.0,3.5,1.0
731,-101.0,2.0,-80.7206415968,0.0,1.0,1.0
732,-102.5,3.5,-54.950985522097746,0.0,1.5,1.0
733,-65.0,15.5,-52.19642634932629,0.0,1.0,0.5
734,-73.0,23.5,-5.161928276101438,0.0,2.5,0.5
735,-104.0,5.0,-58.25694617744409,0.0,0.5,1.0
736,-69.0,19.5,-10.453372526770378,0.0,2.5,0.5
737,-104.0,5.0,-49.16472624232848,0.0,0.5,1.0
738,-66.5,17.0,-26.426770274624033,0.0,1.5,0.5
739,-102.0,3.0,-69.21687454715979,0.0,0.0,1.0
740,-103.0,4.0,-48.46068785059549,0.0,1.0,1.0
741,-65.0,15.5,-52.19642634932629,0.0,0.5,0.5
742,-77.5,28.0,-4.469017007756982,0.0,6.0,0.5
743,-110.0,11.0,-22.182376473934944,0.0,1.0,1.0
744,-102.0,3.0,-69.21687454715979,0.0,0.0,1.0
745,-113.5,14.5,-41.37827628964874,0.0,2.5,1.0
746,-69.5,20.5,-6.058603574844,0.5,4.5,0.5
747,-107.5,8.5,-34.58453864283368,0.0,1.5,1.0
748,-101.5,2.5,-74.23034392529775,0.0,0.5,1.0
749,-109.0,10.0,-15.03225232393958,0.0,2.5,1.0
750,-103.0,4.0,-49.9375161439598,0.0,1.0,1.0
751,-101.0,2.0,-80.7206415968,0.0,1.0,1.0
752,-108.5,9.5,-19.69899736889785,0.0,2.0,1.0
753,-69.0,19.5,-10.453372526770378,0.0,3.0,0.5
754,-104.5,5.5,-34.56106459236066,0.0,1.5,1.0
755,-123.0,24.0,-4.72633423827261,0.0,2.0,1.0
756,-70.5,21.0,-7.186752430937391,0.0,5.5,0.5
757,-114.0,15.0,-41.36505619279691,0.0,2.5,1.0
758,-105.0,6.0,-38.977587774244085,0.0,1.0,1.0
759,-110.5,11.5,-22.007594303508817,0.0,2.5,1.0
760,-68.0,18.5,-14.54913801488197,0.0,5.5,0.5
761,-111.0,12.0,-11.741636634035078,0.0,4.0,1.0
762,-113.5,14.5,-41.37827628964874,0.0,2.5,1.0
763,-66.5,17.0,-26.426770274624033,0.0,0.5,0.5
764,-101.0,2.0,-80.7206415968,0.0,0.0,1.0
765,-102.5,3.5,-65.34419004520086,0.0,0.0,1.0
766,-102.5,3.5,-58.33967454715979,0.0,1.0,1.0
767,-101.5,2.5,-74.23034392529775,0.0,0.5,1.0
768,-100.5,1.5,-89.1228,0.0,0.5,1.0
769,-107.0,8.0,-53.48469045659099,0.0,2.5,1.0
770,-106.0,7.0,-31.108471541741494,0.0,1.0,1.0
771,-102.5,3.5,-65.34419004520086,0.0,0.0,1.0
772,-102.5,3.5,-58.33967454715979,0.0,0.5,1.0
773,-106.0,7.0,-27.473820724603883,0.0,2.0,1.0
774,-111.0,12.0,-26.7817616741713,0.0,5.5,1.0
775,-105.0,6.0,-34.272270167626225,0.0,2.0,1.0
776,-100.0,1.0,-100.0,0.0,0.0,1.0
777,-102.0,3.0,-63.35314392529774,0.0,2.0,1.0
778,-101.5,2.5,-74.23034392529775,0.0,1.5,1.0
779,-105.0,6.0,-31.569586212715475,0.0,1.0,1.0
780,-111.0,12.0,-9.980652163222203,0.0,4.0,1.0
781,-110.5,11.5,-26.886052145408087,0.0,3.0,1.0
782,-67.5,18.0,-17.540616394527156,0.0,5.0,0.5
783,-108.0,9.0,-52.96550192677515,0.0,0.5,1.0
784,-100.0,1.0,-100.0,0.0,0.0,1.0
785,-115.5,16.5,-8.221679993649875,0.0,2.0,1.0
786,-110.5,11.5,-26.886052145408087,0.0,2.0,1.0
787,-104.5,5.5,-34.56106459236066,0.0,0.0,1.0
788,-65.5,16.0,-41.319226349326286,0.0,2.0,0.5
789,-103.5,4.5,-51.47551166555568,0.0,1.5,1.0
790,-30.0,30.0,-4.392852698652579,0.0,3.5,0.0
791,-66.5,17.0,-26.426770274624033,0.0,0.5,0.5
792,-113.0,14.0,-26.55377262942249,0.0,1.5,1.0
793,-105.5,6.5,-54.9903260816111,0.0,2.0,1.0
794,-113.0,14.0,-52.25547628964874,0.0,0.0,1.0
795,-108.0,9.0,-23.57168187085678,0.0,2.5,1.0
796,-100.0,1.0,-100.0,0.0,0.0,1.0
797,-73.0,23.5,-5.161928276101438,0.0,4.0,0.5
798,-114.5,15.5,-41.354844249663124,0.0,0.5,1.0
799,-65.5,16.0,-41.319226349326286,0.0,1.0,0.5
800,-102.5,3.5,-58.33967454715979,0.0,0.5,1.0
801,-101.5,2.5,-74.23034392529775,0.0,0.0,1.0
802,-106.0,7.0,-44.1131260816111,0.0,1.0,1.0
803,-68.0,19.0,-8.007757474897996,0.5,3.5,0.5
804,-106.5,7.5,-26.095002163603546,0.0,1.5,1.0
805,-114.0,15.0,-41.36505619279691,0.0,3.0,1.0
806,-105.0,6.0,-30.68838009040173,0.0,1.0,1.0
807,-68.0,18.5,-14.54913801488197,0.0,4.5,0.5
808,-65.0,15.5,-52.19642634932629,0.0,2.5,0.5
809,-109.5,10.5,-27.195845852072896,0.0,2.5,1.0
810,-107.0,8.0,-22.222317661644617,0.0,0.5,1.0
811,-103.5,4.5,-60.04192624232848,0.0,0.0,1.0
812,-104.5,5.5,-47.37974617744409,0.0,1.0,1.0
813,-101.5,2.5,-74.23034392529775,0.0,0.5,1.0
814,-104.5,5.5,-40.76256783912848,0.0,0.0,1.0
815,-105.0,6.0,-38.977587774244085,0.0,4.0,1.0
816,-101.0,2.0,-80.7206415968,0.0,0.0,1.0
817,-67.0,17.5,-21.413300896486085,0.0,3.0,0.5
818,-66.0,16.5,-32.91706794612629,0.0,3.5,0.5
819,-30.0,30.0,-4.392852698652579,0.0,5.5,0.0
820,-108.0,9.0,-18.165762611643355,0.0,1.5,1.0
821,-114.0,15.0,-21.511620990233176,0.0,0.5,1.0
822,-67.0,17.5,-21.413300896486085,0.0,3.5,0.5
823,-65.0,15.5,-52.19642634932629,0.0,0.5,0.5
824,-65.0,15.5,-52.19642634932629,0.0,3.5,0.5
825,-102.0,3.0,-69.21687454715979,0.0,1.0,1.0
826,-66.5,17.0,-26.426770274624033,0.0,3.0,0.5
827,-121.0,22.0,-5.434026244133356,0.0,2.5,1.0
828,-124.5,25.5,-4.695013921541651,0.0,2.5,1.0
829,-65.5,16.0,-41.319226349326286,0.0,1.5,0.5
830,-65.0,15.5,-52.19642634932629,0.0,4.5,0.5
831,-125.5,26.5,-4.537002635870289,0.0,4.5,1.0
832,-108.5,9.5,-27.715034381888735,0.0,0.5,1.0
833,-104.0,5.0,-39.57453397049861,0.0,0.5,1.0
834,-67.0,17.5,-21.413300896486085,0.0,2.5,0.5
835,-73.0,23.5,-5.161928276101438,0.0,2.5,0.5
836,-65.0,15.5,-52.19642634932629,0.0,5.0,0.5
837,-71.0,21.5,-6.551233673023274,0.0,3.5,0.5
838,-102.5,3.5,-58.33967454715979,0.0,1.5,1.0
839,-104.0,5.0,-39.57453397049861,0.0,0.5,1.0
840,-106.5,7.5,-23.601136222644953,0.0,2.0,1.0
841,-115.0,16.0,-26.47260011809465,0.0,0.0,1.0
842,-103.5,4.5,-51.47551166555568,0.0,1.0,1.0
843,-104.0,5.0,-43.07335326235568,0.0,1.5,1.0
844,-100.5,1.5,-89.1228,0.0,0.5,1.0
845,-65.5,16.0,-41.319226349326286,0.0,6.0,0.5
846,-108.5,9.5,-15.854977188416154,0.0,2.0,1.0
847,-107.0,8.0,-53.48469045659099,0.0,0.5,1.0
848,-30.0,30.0,-4.392852698652579,0.0,4.5,0.0
849,-100.5,1.5,-89.1228,0.0,0.5,1.0
850,-105.0,6.0,-55.81305094608767,0.0,1.5,1.0
851,-121.0,22.0,-4.950454663183725,0.0,2.5,1.0
852,-108.5,9.5,-33.91241164813645,0.0,3.5,1.0
853,-65.0,15.5,-52.19642634932629,0.0,3.0,0.5
854,-105.0,6.0,-55.81305094608767,0.0,1.0,1.0
855,-104.5,5.5,-56.87812761644375,0.0,1.0,1.0
856,-100.5,1.5,-89.1228,0.0,0.5,1.0
857,-104.5,5.5,-56.87812761644375,0.0,3.5,1.0
858,-120.0,21.0,-5.114148460473768,0.0,1.5,1.0
859,-67.0,17.5,-21.413300896486085,0.0,1.0,0.5
860,-65.0,15.5,-52.19642634932629,0.0,5.0,0.5
861,-107.0,8.0,-42.986697046033676,0.0,1.0,1.0
862,-104.5,5.5,-34.56106459236066,0.0,1.5,1.0
863,-102.0,3.0,-69.21687454715979,0.0,0.0,1.0
864,-103.5,4.5,-51.47551166555568,0.0,1.5,1.0
865,-113.0,14.0,-33.015388039873386,0.0,2.5,1.0
866,-66.0,16.5,-32.91706794612629,0.0,4.5,0.5
867,-103.5,4.5,-60.04192624232848,0.0,1.0,1.0
868,-66.0,16.5,-32.91706794612629,0.0,1.5,0.5
869,-100.0,1.0,-100.0,0.0,0.0,1.0
870,-103.0,4.0,-62.35271166555568,0.0,0.0,1.0
871,-30.0,30.0,-4.392852698652579,0.0,2.5,0.0
872,-108.5,9.5,-52.79071975634903,0.0,0.5,1.0
873,-109.0,10.0,-16.707518989252666,0.0,2.0,1.0
874,-108.0,9.0,-52.96550192677515,0.0,2.5,1.0
875,-102.0,3.0,-69.21687454715979,0.0,1.0,1.0
876,-108.5,9.5,-23.08077159319347,0.0,2.5,1.0
877,-113.5,14.5,-7.5465773750334355,0.0,0.0,1.0
878,-100.0,1.0,-100.0,0.0,0.0,1.0
879,-100.0,1.0,-100.0,0.0,0.0,1.0
880,-101.5,2.5,-74.23034392529775,0.0,1.5,1.0
881,-107.5,8.5,-24.207200628770895,0.0,1.5,1.0
882,-30.0,30.0,-4.392852698652579,0.0,3.5,0.0
883,-103.0,4.0,-62.35271166555568,0.0,0.0,1.0
884,-108.0,9.0,-28.094240971331423,0.0,4.0,1.0
885,-79.0,29.5,-4.428470598989417,0.0,4.0,0.5
886,-106.5,7.5,-30.04339487138542,0.0,2.0,1.0
887,-67.0,17.5,-21.413300896486085,0.0,1.5,0.5
888,-67.5,18.0,-17.540616394527156,0.0,2.5,0.5
889,-103.0,4.0,-49.9375161439598,0.0,2.0,1.0
890,-101.5,2.5,-74.23034392529775,0.0,0.5,1.0
891,-102.5,3.5,-54.950985522097746,0.0,2.5,1.0
892,-100.0,1.0,-100.0,0.0,0.0,1.0
893,-115.0,16.0,-6.654616802382703,0.0,6.5,1.0
894,-68.0,18.5,-14.54913801488197,0.0,4.0,0.5
895,-106.0,7.0,-27.473820724603883,0.0,3.0,1.0
896,-106.5,7.5,-53.86389704603368,0.0,2.0,1.0
897,-104.5,5.5,-36.58305559085343,0.0,3.0,1.0
898,-104.5,5.5,-56.87812761644375,0.0,1.5,1.0
899,-110.0,11.0,-18.535960096537316,0.0,3.5,1.0
900,-104.0,5.0,-58.25694617744409,0.0,0.5,1.0
901,-66.0,16.5,-32.91706794612629,0.0,2.5,0.5
902,-65.5,16.0,-41.319226349326286,0.0,2.5,0.5
903,-112.5,13.5,-26.590903884861454,0.0,1.5,1.0
904,-105.0,6.0,-46.00092761644375,0.0,1.0,1.0
905,-113.5,14.5,-52.24225619279691,0.0,0.5,1.0
906,-100.0,1.0,-100.0,0.0,0.0,1.0
907,-108.5,9.5,-42.088301926775145,0.0,3.5,1.0
908,-101.0,2.0,-80.7206415968,0.0,0.0,1.0
909,-105.5,6.5,-44.93585094608767,0.0,1.5,1.0
910,-114.5,15.5,-6.676460507927441,0.0,2.5,1.0
911,-67.0,17.5,-21.413300896486085,0.0,0.5,0.5
912,-66.0,16.5,-32.91706794612629,0.0,3.0,0.5
913,-103.0,4.0,-49.9375161439598,0.0,0.0,1.0
914,-112.0,13.0,-33.08120155636371,0.0,1.5,1.0
915,-108.0,9.0,-16.920053858772228,0.0,3.0,1.0
916,-113.0,14.0,-8.778552872862823,0.0,3.0,1.0
917,-116.0,17.0,-21.44891879682292,0.0,3.0,1.0
918,-101.0,2.0,-80.7206415968,0.0,1.0,1.0
919,-107.5,8.5,-42.60749045659099,0.0,1.5,1.0
920,-66.5,17.0,-26.426770274624033,0.0,3.0,0.5
921,-101.0,2.0,-80.7206415968,0.0,0.0,1.0
922,-101.0,2.0,-80.7206415968,0.0,0.0,1.0
923,-127.5,28.5,-4.47963226256652,0.0,3.5,1.0
924,-101.0,2.0,-80.7206415968,0.0,0.0,1.0
925,-101.5,2.5,-74.23034392529775,0.0,0.5,1.0
926,-108.0,9.0,-28.094240971331423,0.0,1.0,1.0
927,-74.0,24.5,-4.8521345694366325,0.0,4.5,0.5
928,-69.0,19.5,-10.453372526770378,0.0,5.5,0.5
929,-110.5,11.5,-12.120843223477767,0.0,1.0,1.0
930,-109.0,10.0,-41.913519756349025,0.0,2.5,1.0
931,-107.5,8.5,-53.19177005133645,0.0,0.0,1.0
932,-102.5,3.5,-54.950985522097746,0.0,0.5,1.0
933,-108.5,9.5,-27.715034381888735,0.0,3.0,1.0
934,-103.0,4.0,-54.46699004520086,0.0,1.0,1.0
935,-30.0,30.0,-4.392852698652579,0.0,3.5,0.0
936,-105.0,6.0,-55.81305094608767,0.0,1.5,1.0
937,-69.0,19.5,-10.453372526770378,0.0,3.5,0.5
938,-103.5,4.5,-51.47551166555568,0.0,0.5,1.0
939,-103.0,4.0,-62.35271166555568,0.0,2.0,1.0
940,-113.5,14.5,-52.24225619279691,0.0,1.5,1.0
941,-124.5,25.5,-4.567337101504076,0.0,5.5,1.0
942,-101.0,2.0,-80.7206415968,0.0,0.0,1.0
943,-101.5,2.5,-69.8434415968,0.0,1.5,1.0
944,-64.5,15.5,-32.91595582321871,0.5,3.5,0.5
945,-102.5,3.5,-65.34419004520086,0.0,2.5,1.0
946,-100.0,1.0,-100.0,0.0,0.0,1.0
947,-112.0,13.0,-52.294746443073386,0.0,0.5,1.0
948,-113.0,14.0,-41.39539065843069,0.0,3.5,1.0
949,-100.0,1.0,-100.0,0.0,0.0,1.0
950,-106.5,7.5,-43.477607323696986,0.0,0.5,1.0
951,-63.5,14.5,-41.31750652881032,0.5,1.5,0.5
952,-68.5,19.0,-12.238352591654769,0.0,2.0,0.5
953,-69.5,20.0,-9.07455396577004,0.0,2.5,0.5
954,-103.0,4.0,-54.46699004520086,0.0,1.5,1.0
955,-102.5,3.5,-54.950985522097746,0.0,0.0,1.0
956,-102.5,3.5,-58.33967454715979,0.0,0.5,1.0
957,-106.0,7.0,-25.386116287529344,0.0,3.0,1.0
958,-101.0,2.0,-80.7206415968,0.0,0.0,1.0
959,-103.0,4.0,-49.9375161439598,0.0,0.5,1.0
960,-113.0,14.0,-41.39539065843069,0.0,1.5,1.0
961,-65.0,15.5,-52.19642634932629,0.0,4.5,0.5
962,-111.0,12.0,-15.31821359233083,0.0,2.5,1.0
963,-106.5,7.5,-35.7109676784111,0.0,1.5,1.0
964,-68.0,18.5,-14.54913801488197,0.0,2.5,0.5
965,-102.0,3.0,-69.21687454715979,0.0,2.0,1.0
966,-102.0,3.0,-69.21687454715979,0.0,2.0,1.0
967,-104.5,5.5,-56.87812761644375,0.0,1.5,1.0
968,-65.5,16.0,-41.319226349326286,0.0,2.5,0.5
969,-113.0,14.0,-9.668847372792776,0.0,3.5,1.0
970,-100.0,1.0,-100.0,0.0,0.0,1.0
971,-65.0,15.5,-52.19642634932629,0.0,1.0,0.5
972,-105.0,6.0,-34.272270167626225,0.0,2.0,1.0
973,-111.5,12.5,-52.323428704124744,0.0,1.0,1.0
974,-102.0,3.0,-69.21687454715979,0.0,0.0,1.0
975,-102.0,3.0,-69.21687454715979,0.0,2.0,1.0
976,-66.5,17.5,-10.450865997874407,0.5,1.5,0.5
977,-72.5,23.0,-5.38819640066274,0.0,4.0,0.5
978,-113.0,14.0,-10.912654397554432,0.0,2.0,1.0
979,-68.5,19.0,-12.238352591654769,0.0,3.5,0.5
980,-100.5,1.5,-89.1228,0.0,0.5,1.0
981,-100.5,1.5,-89.1228,0.0,0.5,1.0
982,-101.0,2.0,-80.7206415968,0.0,1.0,1.0
983,-67.0,17.5,-21.413300896486085,0.0,4.0,0.5
984,-66.5,17.0,-26.426770274624033,0.0,3.5,0.5
985,-66.5,17.5,-7.180202154517561,0.5,1.5,0.5
986,-72.0,22.5,-5.68111680591728,0.0,4.0,0.5
987,-114.0,15.0,-21.511620990233176,0.0,1.5,1.0
988,-107.5,8.5,-34.58453864283368,0.0,0.5,1.0
989,-112.5,13.5,-9.004820997424126,0.0,0.0,1.0
990,-100.5,1.5,-89.1228,0.0,0.5,1.0
991,-102.0,3.0,-61.4412831936,0.0,1.0,1.0
992,-73.5,24.0,-4.987146105675315,0.0,5.0,0.5
993,-67.0,17.5,-21.413300896486085,0.0,4.0,0.5
994,-113.5,14.5,-21.540303251284538,0.0,2.0,1.0
995,-101.5,2.5,-74.23034392529775,0.0,0.5,1.0
996,-106.5,7.5,-30.04339487138542,0.0,3.0,1.0
997,-112.0,13.0,-52.294746443073386,0.0,3.0,1.0
998,-119.0,20.0,-7.232582274408008,0.0,3.5,1.0
999,-108.0,9.0,-34.20533205339099,0.0,0.5,1.0
